{
    "value0": {
        "value0": true,
        "value1": false,
        "value2": false,
        "value3": true,
        "value4": 0.5,
        "value5": 5.0,
        "value6": 0.10000000149011612,
        "value7": 0,
        "value8": 22.500394821166993,
        "value9": 0.10000000149011612,
        "value10": false,
        "value11": false,
        "value12": false,
        "value13": false,
        "value14": false,
        "value15": false,
        "value16": false,
        "value17": true,
        "value18": false,
        "value19": 9,
        "value20": 9,
        "value21": 3.0
    }
}